Workbook

Sheet PORCENTAJES
A1: LA PAZ PLANILLA PARA CALCULO DE DESCUENTO E INCREMENTO | F1: Menos % comision del mèdico
A2: CLAVE | B2: ESTUDIO | C2: AREA | D2: %% | E2: PRECIO PARTICULAR | F2: PRECIO SIN COMISION MEDICO
A3: 1-3bD | B3: (1-3)-B-D-Glucano | C3: Inmunologia | D3: 0.1 | E3: =VLOOKUP(A3,'PRE PART LPZ'!A:D,4,0) -> 0 | F3: =+E3-(E3*D3) -> 0
A4: 17OHP | B4: 17-OH PROGESTERONA | C4: Endocrinologia | D4: 0.1 | E4: =VLOOKUP(A4,'PRE PART LPZ'!A:D,4,0) -> 292 | F4: =+E4-(E4*D4) -> 262.8
A5: 5NT | B5: 5 - NUCLEOTIDASA | C5: Química Metabólica | D5: 0.1 | E5: =VLOOKUP(A5,'PRE PART LPZ'!A:D,4,0) -> 0 | F5: =+E5-(E5*D5) -> 0
A6: CCP | B6: AC. ANTICITRULINA (Anti-CCP) | C6: Autoinmunidad | D6: 0.1 | E6: =VLOOKUP(A6,'PRE PART LPZ'!A:D,4,0) -> 302 | F6: =+E6-(E6*D6) -> 271.8
A7: Es1852 | B7: AC. ANTICITRULINA Anti-CCP (FIA) | C7: Inmunología | D7: 0.1 | E7: =VLOOKUP(A7,'PRE PART LPZ'!A:D,4,0) -> 0 | F7: =+E7-(E7*D7) -> 0
A8: 5-HIAA | B8: ÁCIDO 5-HIDROXIINDOLACÉTICO | C8: Inmunología | D8: 0.1 | E8: =VLOOKUP(A8,'PRE PART LPZ'!A:D,4,0) -> 0 | F8: =+E8-(E8*D8) -> 0
A9: AcFol | B9: ÁCIDO FÓLICO | C9: Química Metabólica | D9: 0.15 | E9: =VLOOKUP(A9,'PRE PART LPZ'!A:D,4,0) -> 277 | F9: =+E9-(E9*D9) -> 235.45
A10: AcUr | B10: ÁCIDO ÚRICO | C10: Química Metabólica | D10: 0.3 | E10: =VLOOKUP(A10,'PRE PART LPZ'!A:D,4,0) -> 52 | F10: =+E10-(E10*D10) -> 36.4
A11: AcUr24 | B11: ÁCIDO ÚRICO EN ORINA 24 HORAS | C11: Orinas | D11: 0.3 | E11: =VLOOKUP(A11,'PRE PART LPZ'!A:D,4,0) -> 47 | F11: =+E11-(E11*D11) -> 32.9
A12: AcUrOr | B12: ÁCIDO ÚRICO EN ORINA OCASIONAL | C12: Orinas | D12: 0.3 | E12: =VLOOKUP(A12,'PRE PART LPZ'!A:D,4,0) -> 47 | F12: =+E12-(E12*D12) -> 32.9
A13: VPA | B13: ÁCIDO VALPROICO | C13: Toxicología Terapeútica | D13: 0.1 | E13: =VLOOKUP(A13,'PRE PART LPZ'!A:D,4,0) -> 0 | F13: =+E13-(E13*D13) -> 0
A14: Es1828 | B14: ACIDOS BILIARES | C14: Análisis de Orina | D14: 0.1 | E14: =VLOOKUP(A14,'PRE PART LPZ'!A:D,4,0) -> 0 | F14: =+E14-(E14*D14) -> 0
... A633: Zn | B633: ZINC (Zn) | C633: Química Metabólica | D633: 0.1 | E633: =VLOOKUP(A633,'PRE PART LPZ'!A:D,4,0) -> 0 | F633: =+E633-(E633*D633) -> 0

Sheet PRE PART LPZ
A1: CLAVE | B1: ESTUDIO | C1: DEPARTAMENTO | D1: PRECIO PARTICULAR LPZ
A2: CU147 | C2: Análisis de Orina | D2: 0
A3: 1-3bD | B3: (1-3)-B-D-GLUCANO | C3: Infecciosas | D3: 0
A4: 17OHP | B4: 17-OH PROGESTERONA | C4: Inmunología | D4: 292
A5: 5NT | B5: 5 - NUCLEOTIDASA | C5: Química Metabólica | D5: 0
A6: CCP | B6: AC. ANTICITRULINA (Anti-CCP) | C6: Inmunología | D6: 302
A7: Es1852 | B7: AC. ANTICITRULINA Anti-CCP (FIA) | C7: Inmunología | D7: 0
A8: 5-HIAA | B8: ÁCIDO 5-HIDROXIINDOLACÉTICO | C8: Inmunología | D8: 0
A9: AcFol | B9: ÁCIDO FÓLICO | C9: Inmunología | D9: 277
A10: AcUr | B10: ÁCIDO ÚRICO | C10: Química Metabólica | D10: 52
A11: AcUr24 | B11: ÁCIDO ÚRICO EN ORINA 24 HORAS | C11: Análisis de Orina | D11: 47
A12: AcUrOr | B12: ÁCIDO ÚRICO EN ORINA OCASIONAL | C12: Análisis de Orina | D12: 47
A13: VPA | B13: ÁCIDO VALPROICO | C13: Inmunología | D13: 0
A14: Es1828 | B14: ACIDOS BILIARES | C14: Análisis de Orina | D14: 0
... A191: GDH | B191: CLOSTRIDIUM DIFFICILE TOXINAS A/B | C191: Coprología | D191: 272
A192: Es1864 | B192: COAGULOGRAMA (TP | C192: APTT | D192: T, de Coagulación
A193: COC | B193: COCAÍNA SCREEN | C193: Análisis de Orina | D193: 0
A194: MxQFT | B194: COLECTOR - QuantiFERON TB | C194: Inmunología | D194: 702
A195: Col | B195: COLESTEROL | C195: Química Metabólica | D195: 58
A196: CHE | B196: COLINESTERASA | C196: Química Metabólica | D196: 92
A197: Es1837 | B197: COLISTINA | C197: Microbiología | D197: 0
A198: C3 | B198: COMPLEMENTO C3 | C198: Inmunología | D198: 0
A199: Es1904 | B199: COMPLEMENTO C3 (t) | C199: Inmunología | D199: 132
A200: C4 | B200: COMPLEMENTO C4 | C200: Inmunología | D200: 0
A201: Es1905 | B201: COMPLEMENTO C4 (t) | C201: Inmunología | D201: 132
A202: CH50 | B202: COMPLEMENTO HEMOLITICO (CH50) | C202: Inmunología | D202: 0
A203: CDir | B203: COOMBS DIRECTO | C203: Hematología | D203: 73
A204: CInd | B204: COOMBS INDIRECTO | C204: Hematología | D204: 73
... A258: Deng | B258: DENGUE IgG/IgM/NS1 | C258: Serologia y Pruebas Rapidas | D258: 163
A259: PR-DZC | B259: DENGUE | C259: ZIKA | D259: CHIKUNGUNYA - PRUEBA RÁPIDA
A260: DepCre | B260: DEPURACIÓN DE CREATININA | C260: Análisis de Orina | D260: 73
A261: DHEA | B261: DESHIDROEPIANDROSTENA (DHEA) | C261: Inmunología | D261: 0
A262: DheS | B262: DHEA-S | C262: Inmunología | D262: 303
A263: DHT | B263: DIHIDROTESTOSTERONA (DHT) | C263: Inmunología | D263: 0
A264: DimD | B264: DÍMERO D (a) | C264: Inmunología | D264: 0
A265: Es1845 | B265: DÍMERO D (FIA) | C265: Hematología | D265: 300
A266: DDPr | B266: DIMERO D - PRUEBA RÁPIDA | C266: Serologia y Pruebas Rapidas | D266: 0
A267: DSem | B267: DIRECTO DE LIQUIDO SEMINAL | C267: Estudio de Líquidos Biológicos | D267: 0
A268: DisEr | B268: DISMORFISMO ERITROCITARIO | C268: Análisis de Orina | D268: 0
A269: Es1827 | B269: DOSIFICACIÓN DE ERITROPOYETINA | C269: Hematología | D269: 0
A270: TM | B270: ELASTASA FECAL | C270: Estudios Especiales | D270: 0
A271: IM2 | B271: ELECTROCARDIOGRAMA | C271: Estudios Especiales | D271: 0
... A275: EMR | B275: EMR DE LEUCEMIA BILINEAL | C275: Citometría de Flujo | D275: 0
A276: ENA | B276: ENA PROFILE (Anti-SmD | C276: Anti RNP | D276: Anti SS-B/La
A277: MRD | B277: ENFERMEDAD MÍNIMA RESIDUAL | C277: Citometría de Flujo | D277: 0
A278: 18A | B278: Espermocultivo AUTOMATIZADO | C278: Microbiología | D278: 307
A279: CSemi | B279: Espermocultivo CONVENCIONAL | C279: Microbiología | D279: 122
A280: SEM | B280: ESPERMOGRAMA | C280: Estudio de Líquidos Biológicos | D280: 122
A281: TSudn | B281: ESTEATORREA (TEST DE SUDÁN III) | C281: Coprología | D281: 42
A282: E2 | B282: ESTRADIOL | C282: Inmunología | D282: 172
A283: E3 | B283: ESTRIOL | C283: Inmunología | D283: 0
A284: Est | B284: ESTRÓGENOS TOTALES | C284: Inmunología | D284: 0
A285: Estrona | B285: ESTRONA | C285: Inmunología | D285: 0
A286: Linfoma | B286: ESTUDIO DE LINFOMA | C286: Citometría de Flujo | D286: 0
A287: Nocardia | B287: ESTUDIO DE NOCARDIA | C287: Microbiología | D287: 0
A288: IM3 | B288: EVALUACION MEDICA | C288: Estudios Especiales | D288: 0
... A403: Col/HDL | B403: INDICE DE RIESGO ATEROGÉNICO | C403: Química Metabólica | D403: 0
A404: HOMA | B404: ÍNDICE HOMA (Glicemia | C404: Insulina Basal) | D404: Inmunología
A405: INHA | B405: INHIBIDA A | C405: Inmunología | D405: 0
A406: InhL | B406: INHIBIDOR LÚPICO | C406: Hematología | D406: 402
A407: INHB | B407: INHIBINA B | C407: Inmunología | D407: 0
A408: INP009 | B408: INMUNOFLUORESCENCIA | C408: Instituto de Patología | D408: 0
A409: IgA | B409: INMUNOGLOBULINA A | C409: Inmunología | D409: 198
A410: IgD | B410: INMUNOGLOBULINA D | C410: Inmunología | D410: 0
A411: IgE | B411: INMUNOGLOBULINA E | C411: Inmunología | D411: 223
A412: IgG | B412: INMUNOGLOBULINA G | C412: Inmunología | D412: 193
A413: Es1839 | B413: INMUNOGLOBULINA G SUBCLASE 4 | C413: Inmunología | D413: 0
A414: IgM | B414: INMUNOGLOBULINA M | C414: Inmunología | D414: 198
A415: INP006 | B415: INMUNOHISTOQUÍMICA | C415: Instituto de Patología | D415: 2
A416: INP007 | B416: INMUNOHISTOQUÍMICA DE MAMA | C416: Instituto de Patología | D416: 0
... A427: BM-ILa | B427: INTOLERANCIA A LA LACTOSA | C427: Biología Molecular | D427: 0
A428: Es1869 | B428: IONOGRAMA (sodio (Na) | C428: potasio (K) | D428: cloro (Cl)
A429: Lact | B429: LACTATO | C429: Química Metabólica | D429: 122
A430: LDH-BIO | B430: LACTATO DESHIDROGENASA (LDH) | C430: Química Metabólica | D430: 52
A431: C-LDL | B431: LDL - COLESTEROL | C431: Química Metabólica | D431: 57
A432: LeuAg | B432: LEUCEMIA AGUDA | C432: Citometría de Flujo | D432: 0
A433: LeuCr | B433: LEUCEMIA MIELOIDE CRÓNICA | C433: Citometría de Flujo | D433: 0
A434: Lient | B434: LIENTERIA | C434: Coprología | D434: 33
A435: Lip | B435: LIPASA | C435: Química Metabólica | D435: 188
A436: LipT | B436: LÍPIDOS TOTALES | C436: Química Metabólica | D436: 68
A437: LpA | B437: LIPOPROTEINA (A) | C437: Química Metabólica | D437: 0
A438: Litio | B438: LITIO (LI) | C438: Química Metabólica | D438: 0
A439: LKMIF | B439: LKM-1 IFI | C439: Estudios IFI | D439: 393
A440: MG | B440: MAGNESIO (Mg) | C440: Química Metabólica | D440: 53
... A453: TestLT | B453: MULTITEST DE LINFOCITOS T (CD3/CD4/CD8/CD45) | C453: Citometría de Flujo | D453: 0
A454: TBNK | B454: MULTITEST DE SUBPOBLACIONES DE CÉLULAS NK | C454: LINFOCITOS T Y B | D454: Citometría de Flujo
A455: Es1883 | B455: MUTACIONES EN GENES BRCA1 Y BRCA2 (Cáncer de mama hereditario) | C455: Biología Molecular | D455: 0
A456: Es1892 | B456: MYCOPLASMA IgM | C456: Infecciosas | D456: 0
A457: BUN | B457: NITRÓGENO UREICO (BUN) | C457: Química Metabólica | D457: 47
A458: Es1895 | B458: NITROGENO UREICO (BUN) EN ORINA DE 24 HRS | C458: Análisis de Orina | D458: 0
A459: Es1910 | B459: OSMOLARIDAD PLASMÁTICA | C459: Química Metabólica | D459: 0
A460: Es1902 | B460: OSMOLARIDAD URINARIA DE 24 HORAS | C460: Análisis de Orina | D460: 0
A461: OsmUr | B461: OSMOLARIDAD URINARIA OCASIONAL | C461: Análisis de Orina | D461: 0
A462: Ox24 | B462: OXALATO EN ORINA DE 24 HORAS | C462: Análisis de Orina | D462: 0
A463: OxaCitO | B463: OXALATO EN ORINA OCASIONAL | C463: Análisis de Orina | D463: 0
A464: TGrah | B464: OXIUROS (TEST DE GRAHAM) | C464: Coprología | D464: 33
A465: INP011 | B465: PAAF | C465: Instituto de Patología | D465: 0
A466: PaA3 | B466: PANEL DE ALERGENOS ALIMENTICIOS | C466: Inmunología | D466: 0
... A479: HPV35 | B479: PANEL DEL VIRUS DEL PAPILOMA HUMANO (VPH) 35 CEPAS | C479: Biología Molecular | D479: 0
A480: GstLia | B480: PANEL DIGESTIVO AUTOINMUNE (Factor intrínseco | C480: ASCA | D480: Transg
...
